--
-- PostgreSQL database dump
--

\restrict lLgfxPpxC9v2PAo7RpDOGD4aOiOTEcYHHTiytPWhYRaumDECYxHl1aZyadwhBGX

-- Dumped from database version 16.13 (Ubuntu 16.13-0ubuntu0.24.04.1)
-- Dumped by pg_dump version 16.13 (Ubuntu 16.13-0ubuntu0.24.04.1)

-- Started on 2026-04-01 17:30:13 CEST

SET statement_timeout = 0;
SET lock_timeout = 0;
SET idle_in_transaction_session_timeout = 0;
SET client_encoding = 'UTF8';
SET standard_conforming_strings = on;
SELECT pg_catalog.set_config('search_path', '', false);
SET check_function_bodies = false;
SET xmloption = content;
SET client_min_messages = warning;
SET row_security = off;

--
-- TOC entry 3516 (class 1262 OID 16681)
-- Name: web4all; Type: DATABASE; Schema: -; Owner: -
--

CREATE DATABASE web4all WITH TEMPLATE = template0 ENCODING = 'UTF8' LOCALE_PROVIDER = libc LOCALE = 'fr_FR.UTF-8';


\unrestrict lLgfxPpxC9v2PAo7RpDOGD4aOiOTEcYHHTiytPWhYRaumDECYxHl1aZyadwhBGX
\connect web4all
\restrict lLgfxPpxC9v2PAo7RpDOGD4aOiOTEcYHHTiytPWhYRaumDECYxHl1aZyadwhBGX

SET statement_timeout = 0;
SET lock_timeout = 0;
SET idle_in_transaction_session_timeout = 0;
SET client_encoding = 'UTF8';
SET standard_conforming_strings = on;
SELECT pg_catalog.set_config('search_path', '', false);
SET check_function_bodies = false;
SET xmloption = content;
SET client_min_messages = warning;
SET row_security = off;

SET default_tablespace = '';

SET default_table_access_method = heap;

--
-- TOC entry 215 (class 1259 OID 16682)
-- Name: competence; Type: TABLE; Schema: public; Owner: -
--

CREATE TABLE public.competence (
    id_competence integer NOT NULL,
    competence character varying(255) NOT NULL
);


--
-- TOC entry 216 (class 1259 OID 16685)
-- Name: competence_id_competence_seq; Type: SEQUENCE; Schema: public; Owner: -
--

ALTER TABLE public.competence ALTER COLUMN id_competence ADD GENERATED BY DEFAULT AS IDENTITY (
    SEQUENCE NAME public.competence_id_competence_seq
    START WITH 1
    INCREMENT BY 1
    NO MINVALUE
    NO MAXVALUE
    CACHE 1
);


--
-- TOC entry 217 (class 1259 OID 16686)
-- Name: entreprise; Type: TABLE; Schema: public; Owner: -
--

CREATE TABLE public.entreprise (
    id_entreprise integer NOT NULL,
    nom character varying(255) NOT NULL,
    description text,
    email character varying(255),
    telephone character varying(30),
    valide boolean DEFAULT true NOT NULL,
    valide_id_ident integer,
    valide_lastupdate timestamp without time zone
);


--
-- TOC entry 218 (class 1259 OID 16692)
-- Name: entreprise_id_entreprise_seq; Type: SEQUENCE; Schema: public; Owner: -
--

ALTER TABLE public.entreprise ALTER COLUMN id_entreprise ADD GENERATED BY DEFAULT AS IDENTITY (
    SEQUENCE NAME public.entreprise_id_entreprise_seq
    START WITH 1
    INCREMENT BY 1
    NO MINVALUE
    NO MAXVALUE
    CACHE 1
);


--
-- TOC entry 219 (class 1259 OID 16693)
-- Name: etudiant; Type: TABLE; Schema: public; Owner: -
--

CREATE TABLE public.etudiant (
    id_ident integer NOT NULL,
    id_ident_etudiant integer NOT NULL
);


--
-- TOC entry 220 (class 1259 OID 16696)
-- Name: evaluation; Type: TABLE; Schema: public; Owner: -
--

CREATE TABLE public.evaluation (
    id_entreprise integer NOT NULL,
    id_ident integer NOT NULL,
    note smallint NOT NULL,
    date_evaluation timestamp without time zone NOT NULL,
    commentaire text
);


--
-- TOC entry 221 (class 1259 OID 16699)
-- Name: ident; Type: TABLE; Schema: public; Owner: -
--

CREATE TABLE public.ident (
    id_ident integer NOT NULL,
    email character varying(255) NOT NULL,
    passwd character varying(255) NOT NULL,
    id_role smallint NOT NULL,
    nom character varying(255) NOT NULL,
    prenom character varying(255) NOT NULL,
    valide boolean DEFAULT true NOT NULL,
    valide_id_ident integer,
    valide_lastupdate timestamp without time zone
);


--
-- TOC entry 222 (class 1259 OID 16705)
-- Name: ident_id_ident_seq; Type: SEQUENCE; Schema: public; Owner: -
--

ALTER TABLE public.ident ALTER COLUMN id_ident ADD GENERATED BY DEFAULT AS IDENTITY (
    SEQUENCE NAME public.ident_id_ident_seq
    START WITH 1
    INCREMENT BY 1
    NO MINVALUE
    NO MAXVALUE
    CACHE 1
);


--
-- TOC entry 223 (class 1259 OID 16706)
-- Name: offre; Type: TABLE; Schema: public; Owner: -
--

CREATE TABLE public.offre (
    id_offre integer NOT NULL,
    id_entreprise integer NOT NULL,
    titre character varying(255) NOT NULL,
    description text,
    base_remuneration numeric(10,2) NOT NULL,
    date_offre date NOT NULL,
    valide boolean DEFAULT true NOT NULL,
    valide_id_ident integer,
    valide_lastupdate timestamp without time zone
);


--
-- TOC entry 224 (class 1259 OID 16712)
-- Name: offre_has_competence; Type: TABLE; Schema: public; Owner: -
--

CREATE TABLE public.offre_has_competence (
    id_offre integer NOT NULL,
    id_competence integer NOT NULL
);


--
-- TOC entry 225 (class 1259 OID 16715)
-- Name: offre_id_offre_seq; Type: SEQUENCE; Schema: public; Owner: -
--

ALTER TABLE public.offre ALTER COLUMN id_offre ADD GENERATED BY DEFAULT AS IDENTITY (
    SEQUENCE NAME public.offre_id_offre_seq
    START WITH 1
    INCREMENT BY 1
    NO MINVALUE
    NO MAXVALUE
    CACHE 1
);


--
-- TOC entry 226 (class 1259 OID 16716)
-- Name: page_fonction; Type: TABLE; Schema: public; Owner: -
--

CREATE TABLE public.page_fonction (
    permission character varying(255) NOT NULL,
    menu character varying(100),
    label character varying(100),
    url character varying(255),
    menu_order integer DEFAULT 0,
    item_order integer DEFAULT 0
);


--
-- TOC entry 227 (class 1259 OID 16723)
-- Name: permission; Type: TABLE; Schema: public; Owner: -
--

CREATE TABLE public.permission (
    id_role integer NOT NULL,
    permission character varying(255) NOT NULL,
    allowed boolean DEFAULT false NOT NULL
);


--
-- TOC entry 228 (class 1259 OID 16727)
-- Name: postule; Type: TABLE; Schema: public; Owner: -
--

CREATE TABLE public.postule (
    id_ident integer NOT NULL,
    id_offre integer NOT NULL,
    cv character varying(255) NOT NULL,
    lettre_motivation character varying(255) NOT NULL,
    date_postule timestamp without time zone NOT NULL,
    file_lm text NOT NULL,
    file_cv text NOT NULL,
    valide boolean DEFAULT true NOT NULL,
    valide_id_ident integer,
    valide_lastupdate timestamp without time zone
);


--
-- TOC entry 229 (class 1259 OID 16733)
-- Name: role; Type: TABLE; Schema: public; Owner: -
--

CREATE TABLE public.role (
    id_role integer NOT NULL,
    role character varying(255) NOT NULL
);


--
-- TOC entry 230 (class 1259 OID 16736)
-- Name: role_id_role_seq; Type: SEQUENCE; Schema: public; Owner: -
--

ALTER TABLE public.role ALTER COLUMN id_role ADD GENERATED BY DEFAULT AS IDENTITY (
    SEQUENCE NAME public.role_id_role_seq
    START WITH 1
    INCREMENT BY 1
    NO MINVALUE
    NO MAXVALUE
    CACHE 1
);


--
-- TOC entry 231 (class 1259 OID 16737)
-- Name: wishlist; Type: TABLE; Schema: public; Owner: -
--

CREATE TABLE public.wishlist (
    id_ident integer NOT NULL,
    id_offre integer NOT NULL,
    date_wishlist timestamp without time zone NOT NULL
);


--
-- TOC entry 3494 (class 0 OID 16682)
-- Dependencies: 215
-- Data for Name: competence; Type: TABLE DATA; Schema: public; Owner: -
--

COPY public.competence (id_competence, competence) FROM stdin;
1	rigueur
2	ponctualite
3	administration linux
4	administration reseau
5	developpement web
\.


--
-- TOC entry 3496 (class 0 OID 16686)
-- Dependencies: 217
-- Data for Name: entreprise; Type: TABLE DATA; Schema: public; Owner: -
--

COPY public.entreprise (id_entreprise, nom, description, email, telephone, valide, valide_id_ident, valide_lastupdate) FROM stdin;
24	Crédit Mutuel	La banque a qui parler.	free@free.fr	+33 607080925	t	\N	\N
25	Centre Scientifique	La science a Monaco, c est nous	fdsfs@fs.com	+33 607080925	t	\N	\N
26	Monaco Parkings	Pour vous garer, c est chez nous.	fsdgf@sdg.fr	+33 607080925	t	\N	\N
27	BNP Paribas	Le meilleure banque des startups.	dsdfsf@errq.fr	+33 607080925	t	\N	\N
5	Monaco Telecom	L operateur unique de la Principauté	foo@bar.baz	+33 611920698	t	\N	\N
19	Pompiers de Monaco	Pour éteindre le feu ...	i@i.com	+33 607080921	t	\N	\N
11	SBM	Société des Bains de Mer	b@b.com	+33 607080911	t	\N	\N
12	Mairie	Pour vos démarches en ligne	c@c.com	+33 607080912	t	\N	\N
13	CHPG	Centre Hospitalier Princesse Grace	d@d.com	+33 607080913	t	\N	\N
15	SBM Offshore	Les specialistes du forage en mer	f@f.com	+33 607080915	t	\N	\N
18	DSI	Direction des Systèmes d'Information	h@h.com	+33 607080920	t	\N	\N
20	Tribunal de Monaco	Attention à vous ...	j@j.com	+33 607080922	t	\N	\N
21	Education Nationale	Les enfants... c'est chez nous.	k@k.com	+33 607080923	t	\N	\N
22	Monaco Digital	La meilleure SSII de la Principauté	l@l.com	+33 607080924	t	\N	\N
10	Telis	Monaco Datacenter	a@a.com	+33 607080910	t	\N	\N
14	Ccss	Caisses Sociales (Sécurité Sociale)	e@e.com	+33 607080914	t	\N	\N
16	CFM	Crédit Foncier de Monaco	g@g.com	+33 607080916	t	\N	\N
23	AMSN	Agence Monégasque de Sécurité Numérique	l@l.fr	+33 607080925	t	1	2026-03-27 15:52:04
\.


--
-- TOC entry 3498 (class 0 OID 16693)
-- Dependencies: 219
-- Data for Name: etudiant; Type: TABLE DATA; Schema: public; Owner: -
--

COPY public.etudiant (id_ident, id_ident_etudiant) FROM stdin;
2	4
\.


--
-- TOC entry 3499 (class 0 OID 16696)
-- Dependencies: 220
-- Data for Name: evaluation; Type: TABLE DATA; Schema: public; Owner: -
--

COPY public.evaluation (id_entreprise, id_ident, note, date_evaluation, commentaire) FROM stdin;
23	3	2	2026-03-27 16:02:37	Je suis content de cette societe
14	3	4	2026-03-27 16:10:20	Parce qu'elle le vaut bien!
23	5	3	2026-03-27 17:03:36	Super societe que j'adore
23	7	2	2026-03-27 17:05:13	Ouais, bof, pas top de top !
23	6	5	2026-03-27 17:06:02	Super societe, je suis ravis d'avoir travaillé pour elle.
21	3	2	2026-03-27 21:30:40	je suis content, je paye pas l'EDF
18	3	5	2026-03-27 23:03:38	Le top du top su service administratif
26	3	5	2026-03-30 13:29:22	La meilleure du monde
\.


--
-- TOC entry 3500 (class 0 OID 16699)
-- Dependencies: 221
-- Data for Name: ident; Type: TABLE DATA; Schema: public; Owner: -
--

COPY public.ident (id_ident, email, passwd, id_role, nom, prenom, valide, valide_id_ident, valide_lastupdate) FROM stdin;
3	etudiant2@cesi.school	$2y$10$JCuSd9690Ucg.ITiiBrvPODIdmjQg/qeNrJGSjfiYsj6psrgitrRa	3	Dupont	Elise	t	1	2026-03-27 14:53:30
5	etudiant3@cesi.school	$2y$10$p1LK5ZBZev8L7FerSJrPduXR8VWoCRAYUqF.LKIS8ZyzerIbTLY/G	3	Martin	Lucas	t	\N	\N
7	etudiant4@cesi.school	$2y$10$XuJ4LmFg0aOJoNfuEhhQp.dZNSrqn1UO65w72RC498jgPi4VmlU5u	3	Moreau	Sophie	t	\N	\N
6	etudiant5@cesi.school	$2y$10$4zjx8d5cnEAkRwp9hGkFVut4MTNfQtt2yvSnev18O4R0TSfbIux1q	3	Lefebvre	Julien	t	2	2026-03-30 11:39:56
4	etudiant1@cesi.school	$2y$10$7UzH7QEsg/YMfycl543bSelvLY/.ogrghNJBaXLFalk/3X4hIayPa	3	Bernard	Camille	t	\N	\N
1	admin@cesi.school	$2y$10$u0pw8GBrhVDZjhOG/Lh0guyxlHe5VdjUWUV6FycO0n8RSJry6POli	1	Rousseau	Antoine	t	\N	\N
2	professeur@cesi.school	$2y$10$Ma0kJn9X9AjD1USWiUfWGepqYX54d.OX0C8pfaFLzUqm3BLf.vPP.	2	Lepot	Fabien	t	\N	\N
\.


--
-- TOC entry 3502 (class 0 OID 16706)
-- Dependencies: 223
-- Data for Name: offre; Type: TABLE DATA; Schema: public; Owner: -
--

COPY public.offre (id_offre, id_entreprise, titre, description, base_remuneration, date_offre, valide, valide_id_ident, valide_lastupdate) FROM stdin;
1	22	Administrateur Linux	On cherche un admin de la mort	2500.00	2026-03-20	t	2	2026-03-30 11:40:17
4	12	Developpeur Visual Basic	On recherche un développeur visual basic de plus de 50 ans	2700.00	2026-03-30	t	\N	\N
5	13	Infirmiere	on recherche une infirmiere	1500.00	2026-03-30	t	\N	\N
6	13	Medecin des yeux	un ophtalmologue quoi....	4500.00	2026-03-30	t	\N	\N
3	13	Employé de maison	On recherche un employé de maison	1500.00	2026-03-30	t	\N	\N
2	16	Administrateur réseau	On cherche un administrateur réseau spécialisé CISCO	1700.00	2026-03-25	t	\N	\N
7	13	Secrétaire Médicale	On cherche un(e) secrétaire médicale pour seconde Mme la professeure	1600.00	2026-03-30	t	\N	\N
\.


--
-- TOC entry 3503 (class 0 OID 16712)
-- Dependencies: 224
-- Data for Name: offre_has_competence; Type: TABLE DATA; Schema: public; Owner: -
--

COPY public.offre_has_competence (id_offre, id_competence) FROM stdin;
2	4
1	4
1	2
1	1
3	1
3	3
4	5
5	1
6	2
7	1
7	2
\.


--
-- TOC entry 3505 (class 0 OID 16716)
-- Dependencies: 226
-- Data for Name: page_fonction; Type: TABLE DATA; Schema: public; Owner: -
--

COPY public.page_fonction (permission, menu, label, url, menu_order, item_order) FROM stdin;
entreprise_create	Entreprise	Create	entreprise/create	1	1
entreprise_recherche	Entreprise	Recherche	entreprise/recherche	1	0
admin_permissions	Admin	Permissions	admin/permissions	98	0
home_index	Home	Accueil	home/index	0	0
auth_login	Auth	Login	auth/login	99	0
auth_logout	Auth	Logout	auth/logout	99	1
entreprise_delete	\N	\N	\N	0	0
sitemap_index	\N	\N	\N	0	0
static_contact	Static	Contact	contact	97	0
static_mentions_legales	Static	Mentions Legales	mentions_legales	97	1
static_plan_site	Static	Plan	plan_site	97	2
ident_delete	\N	\N	\N	0	0
ident_create	Ident	Create	ident/create	2	1
ident_recherche	Ident	Recherche	ident/recherche	2	0
entreprise_modify	Entreprise	Modify	entreprise/recherche	1	2
offre_create	Offre	Create	offre/create	3	1
offre_recherche	Offre	Recherche	offre/recherche	3	0
offre_modify	Offre	Modify	offre/recherche	3	2
offre_delete	\N	\N	\N	0	0
wishlist_create	\N	\N	\N	0	0
postule_create	\N	\N	\N	0	0
postule_modify	\N	\N	\N	0	0
postule_download	\N	\N	\N	0	0
static_unauthorized	\N	\N	\N	0	0
postule_delete	\N	\N	\N	0	0
evaluation_create	\N	\N	\N	0	0
evaluation_show	\N	\N	\N	0	0
ident_modify	Ident	Modify	ident/modify	2	2
offre_show	\N	\N	\N	0	0
postule_show	\N	\N	\N	0	0
statistiques_show	Stats	Show	statistiques/show	4	0
\.


--
-- TOC entry 3506 (class 0 OID 16723)
-- Dependencies: 227
-- Data for Name: permission; Type: TABLE DATA; Schema: public; Owner: -
--

COPY public.permission (id_role, permission, allowed) FROM stdin;
1	postule_modify	f
1	statistiques_show	t
2	entreprise_modify	t
2	entreprise_recherche	t
2	static_mentions_legales	t
3	wishlist_create	t
4	admin_permissions	f
4	entreprise_recherche	t
4	evaluation_create	f
4	evaluation_show	t
4	ident_recherche	f
4	offre_create	f
4	postule_delete	f
4	postule_download	f
4	postule_modify	f
2	postule_create	f
4	static_plan_site	t
4	static_unauthorized	t
2	postule_delete	f
1	offre_delete	t
1	offre_modify	t
1	postule_show	t
1	wishlist_create	f
2	evaluation_create	f
2	evaluation_show	t
2	home_index	t
2	ident_create	t
2	ident_delete	f
1	evaluation_show	t
2	ident_modify	t
2	ident_recherche	t
2	offre_create	t
2	static_plan_site	t
3	auth_logout	t
3	entreprise_create	f
3	entreprise_delete	f
3	entreprise_modify	f
1	home_index	t
3	home_index	t
3	offre_modify	f
3	offre_recherche	t
4	offre_delete	f
4	offre_modify	f
4	postule_show	f
4	statistiques_show	t
4	wishlist_create	f
3	ident_create	f
1	auth_login	t
1	offre_recherche	t
1	auth_logout	t
1	entreprise_create	t
1	offre_show	t
1	sitemap_index	t
1	static_contact	t
2	admin_permissions	f
2	offre_delete	t
2	offre_modify	t
2	offre_recherche	t
2	offre_show	t
2	postule_download	t
2	postule_modify	t
2	postule_show	t
2	sitemap_index	t
2	static_unauthorized	t
2	statistiques_show	t
2	wishlist_create	f
3	ident_delete	f
3	entreprise_recherche	t
3	ident_modify	t
3	ident_recherche	t
3	offre_create	f
3	offre_delete	f
3	offre_show	t
3	postule_create	t
3	postule_delete	t
3	postule_download	t
3	postule_show	t
3	sitemap_index	t
3	static_contact	t
3	static_mentions_legales	t
4	auth_login	t
4	auth_logout	t
4	entreprise_create	f
4	entreprise_delete	f
4	home_index	t
4	ident_create	f
1	admin_permissions	t
1	entreprise_delete	t
1	entreprise_modify	t
4	offre_recherche	t
1	ident_create	t
1	ident_delete	t
4	offre_show	t
4	entreprise_modify	f
1	entreprise_recherche	t
3	postule_modify	t
1	postule_create	f
2	auth_login	t
3	evaluation_create	t
1	postule_delete	f
2	auth_logout	t
3	evaluation_show	t
3	static_plan_site	t
4	postule_create	f
1	static_mentions_legales	t
1	evaluation_create	f
1	postule_download	f
1	static_plan_site	t
2	entreprise_create	t
2	entreprise_delete	t
4	ident_delete	f
4	sitemap_index	t
1	ident_modify	t
2	static_contact	t
3	static_unauthorized	t
4	static_contact	t
1	ident_recherche	t
3	admin_permissions	f
3	statistiques_show	t
4	static_mentions_legales	t
1	offre_create	t
1	static_unauthorized	t
3	auth_login	t
4	ident_modify	f
\.


--
-- TOC entry 3507 (class 0 OID 16727)
-- Dependencies: 228
-- Data for Name: postule; Type: TABLE DATA; Schema: public; Owner: -
--

COPY public.postule (id_ident, id_offre, cv, lettre_motivation, date_postule, file_lm, file_cv, valide, valide_id_ident, valide_lastupdate) FROM stdin;
4	1	simply4you_Droit de retractation.pdf	Next_Droit de retractation.pdf	2026-03-27 10:25:01	/uploads/4/07941b17b29f157fc116c7a7c9a8a5f8.pdf	/uploads/4/55a2e1def2c6bff236df9369dbd101e8.pdf	t	4	2026-03-27 10:25:01
6	2	Next_Droit de retractation.pdf	simply4you_Droit de retractation.pdf	2026-03-27 17:28:58	/uploads/6/0761f4c8518c623db588d2940e82675c.pdf	/uploads/6/64955e5f50c44a3927c34aad39c35f8b.pdf	t	6	2026-03-27 17:28:58
3	2	Next_Droit de retractation.pdf	simply4you_Droit de retractation.pdf	2026-03-30 11:17:03	/uploads/3/36331315703d1a654bda955a6a13b4fe.pdf	/uploads/3/b521c22001d9f41971f55b424ad4a0df.pdf	t	3	2026-03-30 11:17:03
3	1	Next_Droit de retractation.pdf	simply4you_Droit de retractation.pdf	2026-03-27 17:41:57	/uploads/3/fff23613d92b7518fbf734eed24f6971.pdf	/uploads/3/af4f7397e85331f9ec3bb5086e9decba.pdf	t	3	2026-03-30 13:30:09
7	5	Next_Droit de retractation.pdf	simply4you_Droit de retractation.pdf	2026-03-31 14:35:07	/uploads/7/e2e5bb3968e9f571a6d45cd253c22c31.pdf	/uploads/7/d8be6380b29846223147147770db325f.pdf	t	7	2026-03-31 14:35:07
7	6	Next_Droit de retractation.pdf	simply4you_Droit de retractation.pdf	2026-03-31 14:35:28	/uploads/7/a93f7149328652f84630f9ad175e7279.pdf	/uploads/7/ac00e8faa1046d8b366aef26c25d5311.pdf	t	7	2026-03-31 14:35:28
7	3	Next_Droit de retractation.pdf	simply4you_Droit de retractation.pdf	2026-03-31 14:35:49	/uploads/7/7df20515585240b73b8b78af28b8f96d.pdf	/uploads/7/9bc1e09e217be3753aea5638a762cc44.pdf	t	7	2026-03-31 14:35:49
7	7	Next_Droit de retractation.pdf	simply4you_Droit de retractation.pdf	2026-03-31 14:37:07	/uploads/7/19cd1ce0eef50e184366e4174b285f11.pdf	/uploads/7/14db220af8d65b4a86d596a6003b5b36.pdf	t	7	2026-03-31 14:37:07
6	5	Next_Droit de retractation.pdf	simply4you_Droit de retractation.pdf	2026-03-31 15:17:39	/uploads/6/fdc9b95a4ce34a3b5b4876081d4e96b0.pdf	/uploads/6/2ed1981bf23fce5eec4ee2278064b216.pdf	t	6	2026-03-31 15:17:39
5	5	Next_Droit de retractation.pdf	simply4you_Droit de retractation.pdf	2026-03-31 15:18:26	/uploads/5/ac19932efdf60a44ffd4a3328f6adfb3.pdf	/uploads/5/523cde054e36df6a96a1708b004bc919.pdf	t	5	2026-03-31 15:18:26
3	5	Next_Droit de retractation.pdf	simply4you_Droit de retractation.pdf	2026-03-31 15:19:00	/uploads/3/864583d287b2ad49ffb2b39dce39b00f.pdf	/uploads/3/0e88efeb30d3e8de70c4952ae43dbac8.pdf	t	3	2026-03-31 15:19:00
\.


--
-- TOC entry 3508 (class 0 OID 16733)
-- Dependencies: 229
-- Data for Name: role; Type: TABLE DATA; Schema: public; Owner: -
--

COPY public.role (id_role, role) FROM stdin;
1	admin
2	pilote
3	etudiant
4	guest
\.


--
-- TOC entry 3510 (class 0 OID 16737)
-- Dependencies: 231
-- Data for Name: wishlist; Type: TABLE DATA; Schema: public; Owner: -
--

COPY public.wishlist (id_ident, id_offre, date_wishlist) FROM stdin;
3	4	2026-03-31 16:03:06
3	6	2026-03-31 16:03:09
3	7	2026-03-31 16:03:13
6	1	2026-03-31 16:03:35
6	4	2026-03-31 16:03:37
7	1	2026-03-31 16:04:08
7	2	2026-03-31 16:04:11
3	3	2026-04-01 16:26:47
\.


--
-- TOC entry 3517 (class 0 OID 0)
-- Dependencies: 216
-- Name: competence_id_competence_seq; Type: SEQUENCE SET; Schema: public; Owner: -
--

SELECT pg_catalog.setval('public.competence_id_competence_seq', 5, true);


--
-- TOC entry 3518 (class 0 OID 0)
-- Dependencies: 218
-- Name: entreprise_id_entreprise_seq; Type: SEQUENCE SET; Schema: public; Owner: -
--

SELECT pg_catalog.setval('public.entreprise_id_entreprise_seq', 27, true);


--
-- TOC entry 3519 (class 0 OID 0)
-- Dependencies: 222
-- Name: ident_id_ident_seq; Type: SEQUENCE SET; Schema: public; Owner: -
--

SELECT pg_catalog.setval('public.ident_id_ident_seq', 7, true);


--
-- TOC entry 3520 (class 0 OID 0)
-- Dependencies: 225
-- Name: offre_id_offre_seq; Type: SEQUENCE SET; Schema: public; Owner: -
--

SELECT pg_catalog.setval('public.offre_id_offre_seq', 7, true);


--
-- TOC entry 3521 (class 0 OID 0)
-- Dependencies: 230
-- Name: role_id_role_seq; Type: SEQUENCE SET; Schema: public; Owner: -
--

SELECT pg_catalog.setval('public.role_id_role_seq', 4, true);


--
-- TOC entry 3313 (class 2606 OID 16741)
-- Name: competence competence_competence_key; Type: CONSTRAINT; Schema: public; Owner: -
--

ALTER TABLE ONLY public.competence
    ADD CONSTRAINT competence_competence_key UNIQUE (competence);


--
-- TOC entry 3315 (class 2606 OID 16743)
-- Name: competence competence_pkey; Type: CONSTRAINT; Schema: public; Owner: -
--

ALTER TABLE ONLY public.competence
    ADD CONSTRAINT competence_pkey PRIMARY KEY (id_competence);


--
-- TOC entry 3317 (class 2606 OID 16745)
-- Name: entreprise entreprise_pkey; Type: CONSTRAINT; Schema: public; Owner: -
--

ALTER TABLE ONLY public.entreprise
    ADD CONSTRAINT entreprise_pkey PRIMARY KEY (id_entreprise);


--
-- TOC entry 3319 (class 2606 OID 16747)
-- Name: etudiant etudiant_pkey; Type: CONSTRAINT; Schema: public; Owner: -
--

ALTER TABLE ONLY public.etudiant
    ADD CONSTRAINT etudiant_pkey PRIMARY KEY (id_ident, id_ident_etudiant);


--
-- TOC entry 3321 (class 2606 OID 16749)
-- Name: evaluation evaluation_pkey; Type: CONSTRAINT; Schema: public; Owner: -
--

ALTER TABLE ONLY public.evaluation
    ADD CONSTRAINT evaluation_pkey PRIMARY KEY (id_entreprise, id_ident);


--
-- TOC entry 3323 (class 2606 OID 16751)
-- Name: ident ident_pkey; Type: CONSTRAINT; Schema: public; Owner: -
--

ALTER TABLE ONLY public.ident
    ADD CONSTRAINT ident_pkey PRIMARY KEY (id_ident);


--
-- TOC entry 3327 (class 2606 OID 16753)
-- Name: offre_has_competence offre_has_competence_pkey; Type: CONSTRAINT; Schema: public; Owner: -
--

ALTER TABLE ONLY public.offre_has_competence
    ADD CONSTRAINT offre_has_competence_pkey PRIMARY KEY (id_offre, id_competence);


--
-- TOC entry 3325 (class 2606 OID 16755)
-- Name: offre offre_pkey; Type: CONSTRAINT; Schema: public; Owner: -
--

ALTER TABLE ONLY public.offre
    ADD CONSTRAINT offre_pkey PRIMARY KEY (id_offre);


--
-- TOC entry 3329 (class 2606 OID 16757)
-- Name: page_fonction page_fonction_pkey; Type: CONSTRAINT; Schema: public; Owner: -
--

ALTER TABLE ONLY public.page_fonction
    ADD CONSTRAINT page_fonction_pkey PRIMARY KEY (permission);


--
-- TOC entry 3331 (class 2606 OID 16759)
-- Name: permission permission_pkey; Type: CONSTRAINT; Schema: public; Owner: -
--

ALTER TABLE ONLY public.permission
    ADD CONSTRAINT permission_pkey PRIMARY KEY (id_role, permission);


--
-- TOC entry 3333 (class 2606 OID 16761)
-- Name: postule postule_pkey; Type: CONSTRAINT; Schema: public; Owner: -
--

ALTER TABLE ONLY public.postule
    ADD CONSTRAINT postule_pkey PRIMARY KEY (id_ident, id_offre);


--
-- TOC entry 3335 (class 2606 OID 16763)
-- Name: role role_pkey; Type: CONSTRAINT; Schema: public; Owner: -
--

ALTER TABLE ONLY public.role
    ADD CONSTRAINT role_pkey PRIMARY KEY (id_role);


--
-- TOC entry 3337 (class 2606 OID 16765)
-- Name: wishlist wishlist_pkey; Type: CONSTRAINT; Schema: public; Owner: -
--

ALTER TABLE ONLY public.wishlist
    ADD CONSTRAINT wishlist_pkey PRIMARY KEY (id_ident, id_offre);


--
-- TOC entry 3338 (class 2606 OID 16766)
-- Name: etudiant etudiant_id_ident_etudiant_fkey; Type: FK CONSTRAINT; Schema: public; Owner: -
--

ALTER TABLE ONLY public.etudiant
    ADD CONSTRAINT etudiant_id_ident_etudiant_fkey FOREIGN KEY (id_ident_etudiant) REFERENCES public.ident(id_ident) ON UPDATE RESTRICT ON DELETE RESTRICT;


--
-- TOC entry 3339 (class 2606 OID 16771)
-- Name: etudiant etudiant_id_ident_fkey; Type: FK CONSTRAINT; Schema: public; Owner: -
--

ALTER TABLE ONLY public.etudiant
    ADD CONSTRAINT etudiant_id_ident_fkey FOREIGN KEY (id_ident) REFERENCES public.ident(id_ident) ON UPDATE RESTRICT ON DELETE RESTRICT;


--
-- TOC entry 3340 (class 2606 OID 16776)
-- Name: evaluation evaluation_id_entreprise_fkey; Type: FK CONSTRAINT; Schema: public; Owner: -
--

ALTER TABLE ONLY public.evaluation
    ADD CONSTRAINT evaluation_id_entreprise_fkey FOREIGN KEY (id_entreprise) REFERENCES public.entreprise(id_entreprise) ON UPDATE RESTRICT ON DELETE RESTRICT;


--
-- TOC entry 3341 (class 2606 OID 16781)
-- Name: evaluation evaluation_id_ident_fkey; Type: FK CONSTRAINT; Schema: public; Owner: -
--

ALTER TABLE ONLY public.evaluation
    ADD CONSTRAINT evaluation_id_ident_fkey FOREIGN KEY (id_ident) REFERENCES public.ident(id_ident) ON UPDATE RESTRICT ON DELETE RESTRICT;


--
-- TOC entry 3342 (class 2606 OID 16786)
-- Name: ident ident_id_role_fkey; Type: FK CONSTRAINT; Schema: public; Owner: -
--

ALTER TABLE ONLY public.ident
    ADD CONSTRAINT ident_id_role_fkey FOREIGN KEY (id_role) REFERENCES public.role(id_role) ON UPDATE RESTRICT ON DELETE RESTRICT;


--
-- TOC entry 3344 (class 2606 OID 16791)
-- Name: offre_has_competence offre_has_competence_id_competence_fkey; Type: FK CONSTRAINT; Schema: public; Owner: -
--

ALTER TABLE ONLY public.offre_has_competence
    ADD CONSTRAINT offre_has_competence_id_competence_fkey FOREIGN KEY (id_competence) REFERENCES public.competence(id_competence) ON UPDATE RESTRICT ON DELETE RESTRICT;


--
-- TOC entry 3345 (class 2606 OID 16796)
-- Name: offre_has_competence offre_has_competence_id_offre_fkey; Type: FK CONSTRAINT; Schema: public; Owner: -
--

ALTER TABLE ONLY public.offre_has_competence
    ADD CONSTRAINT offre_has_competence_id_offre_fkey FOREIGN KEY (id_offre) REFERENCES public.offre(id_offre) ON UPDATE RESTRICT ON DELETE RESTRICT;


--
-- TOC entry 3343 (class 2606 OID 16801)
-- Name: offre offre_id_entreprise_fkey; Type: FK CONSTRAINT; Schema: public; Owner: -
--

ALTER TABLE ONLY public.offre
    ADD CONSTRAINT offre_id_entreprise_fkey FOREIGN KEY (id_entreprise) REFERENCES public.entreprise(id_entreprise) ON UPDATE RESTRICT ON DELETE RESTRICT;


--
-- TOC entry 3346 (class 2606 OID 16806)
-- Name: permission permission_id_role_fkey; Type: FK CONSTRAINT; Schema: public; Owner: -
--

ALTER TABLE ONLY public.permission
    ADD CONSTRAINT permission_id_role_fkey FOREIGN KEY (id_role) REFERENCES public.role(id_role) ON UPDATE RESTRICT ON DELETE RESTRICT;


--
-- TOC entry 3347 (class 2606 OID 16811)
-- Name: postule postule_id_ident_fkey; Type: FK CONSTRAINT; Schema: public; Owner: -
--

ALTER TABLE ONLY public.postule
    ADD CONSTRAINT postule_id_ident_fkey FOREIGN KEY (id_ident) REFERENCES public.ident(id_ident) ON UPDATE RESTRICT ON DELETE RESTRICT;


--
-- TOC entry 3348 (class 2606 OID 16816)
-- Name: postule postule_id_offre_fkey; Type: FK CONSTRAINT; Schema: public; Owner: -
--

ALTER TABLE ONLY public.postule
    ADD CONSTRAINT postule_id_offre_fkey FOREIGN KEY (id_offre) REFERENCES public.offre(id_offre) ON UPDATE RESTRICT ON DELETE RESTRICT;


--
-- TOC entry 3349 (class 2606 OID 16821)
-- Name: wishlist wishlist_id_ident_fkey; Type: FK CONSTRAINT; Schema: public; Owner: -
--

ALTER TABLE ONLY public.wishlist
    ADD CONSTRAINT wishlist_id_ident_fkey FOREIGN KEY (id_ident) REFERENCES public.ident(id_ident) ON UPDATE RESTRICT ON DELETE RESTRICT;


--
-- TOC entry 3350 (class 2606 OID 16826)
-- Name: wishlist wishlist_id_offre_fkey; Type: FK CONSTRAINT; Schema: public; Owner: -
--

ALTER TABLE ONLY public.wishlist
    ADD CONSTRAINT wishlist_id_offre_fkey FOREIGN KEY (id_offre) REFERENCES public.offre(id_offre) ON UPDATE RESTRICT ON DELETE RESTRICT;


-- Completed on 2026-04-01 17:30:13 CEST

--
-- PostgreSQL database dump complete
--

\unrestrict lLgfxPpxC9v2PAo7RpDOGD4aOiOTEcYHHTiytPWhYRaumDECYxHl1aZyadwhBGX
